{"background": [[{"index": "blank", "orientation": 0}, {"index": "blank", "orientation": 0}, {"index": "blank", "orientation": 0}, {"index": "blank", "orientation": 0}, {"index": "blank", "orientation": 0}, {"index": "blank", "orientation": 0}, {"index": "blank", "orientation": 0}, {"index": "blank", "orientation": 0}, {"index": "blank", "orientation": 0}, {"index": "blank", "orientation": 0}, {"index": "blank", "orientation": 0}, {"index": "blank", "orientation": 0}, {"index": "blank", "orientation": 0}, {"index": "blank", "orientation": 0}, {"index": "blank", "orientation": 0}, {"index": "road_edge", "orientation": 90}, {"index": "road_escape", "orientation": 0}, {"index": "road_edge", "orientation": 270}, {"index": "blank", "orientation": 0}, {"index": "blank", "orientation": 0}, {"index": "blank", "orientation": 0}, {"index": "blank", "orientation": 0}, {"index": "blank", "orientation": 0}, {"index": "blank", "orientation": 0}], [{"index": "blank", "orientation": 0}, {"index": "blank", "orientation": 0}, {"index": "blank", "orientation": 0}, {"index": "blank", "orientation": 0}, {"index": "blank", "orientation": 0}, {"index": "blank", "orientation": 0}, {"index": "blank", "orientation": 0}, {"index": "blank", "orientation": 0}, {"index": "blank", "orientation": 0}, {"index": "blank", "orientation": 0}, {"index": "blank", "orientation": 0}, {"index": "blank", "orientation": 0}, {"index": "blank", "orientation": 0}, {"index": "blank", "orientation": 0}, {"index": "blank", "orientation": 0}, {"index": "road_edge", "orientation": 90}, {"index": "road", "orientation": 180}, {"index": "road_edge", "orientation": 270}, {"index": "blank", "orientation": 0}, {"index": "blank", "orientation": 0}, {"index": "blank", "orientation": 0}, {"index": "blank", "orientation": 0}, {"index": "blank", "orientation": 0}, {"index": "blank", "orientation": 0}], [{"index": "blank", "orientation": 0}, {"index": "blank", "orientation": 0}, {"index": "blank", "orientation": 0}, {"index": "blank", "orientation": 0}, {"index": "blank", "orientation": 0}, {"index": "blank", "orientation": 0}, {"index": "blank", "orientation": 0}, {"index": "blank", "orientation": 0}, {"index": "blank", "orientation": 0}, {"index": "blank", "orientation": 0}, {"index": "blank", "orientation": 0}, {"index": "blank", "orientation": 0}, {"index": "blank", "orientation": 0}, {"index": "blank", "orientation": 0}, {"index": "blank", "orientation": 0}, {"index": "road_edge", "orientation": 90}, {"index": "road", "orientation": 270}, {"index": "road_edge", "orientation": 270}, {"index": "blank", "orientation": 0}, {"index": "blank", "orientation": 0}, {"index": "blank", "orientation": 0}, {"index": "blank", "orientation": 0}, {"index": "blank", "orientation": 0}, {"index": "blank", "orientation": 0}], [{"index": "blank", "orientation": 0}, {"index": "blank", "orientation": 0}, {"index": "blank", "orientation": 0}, {"index": "blank", "orientation": 0}, {"index": "blank", "orientation": 0}, {"index": "blank", "orientation": 0}, {"index": "blank", "orientation": 0}, {"index": "blank", "orientation": 0}, {"index": "blank", "orientation": 0}, {"index": "blank", "orientation": 0}, {"index": "blank", "orientation": 0}, {"index": "blank", "orientation": 0}, {"index": "blank", "orientation": 0}, {"index": "blank", "orientation": 0}, {"index": "blank", "orientation": 0}, {"index": "road_edge", "orientation": 90}, {"index": "road", "orientation": 90}, {"index": "road_edge", "orientation": 270}, {"index": "blank", "orientation": 0}, {"index": "blank", "orientation": 0}, {"index": "blank", "orientation": 0}, {"index": "blank", "orientation": 0}, {"index": "blank", "orientation": 0}, {"index": "blank", "orientation": 0}], [{"index": "blank", "orientation": 0}, {"index": "road_small_corner", "orientation": 90}, {"index": "road_edge", "orientation": 0}, {"index": "road_edge", "orientation": 0}, {"index": "road_edge", "orientation": 0}, {"index": "road_edge", "orientation": 0}, {"index": "road_edge", "orientation": 0}, {"index": "road_edge", "orientation": 0}, {"index": "road_edge", "orientation": 0}, {"index": "road_edge", "orientation": 0}, {"index": "road_edge", "orientation": 0}, {"index": "road_edge", "orientation": 0}, {"index": "road_edge", "orientation": 0}, {"index": "road_edge", "orientation": 0}, {"index": "road_edge", "orientation": 0}, {"index": "road_large_corner", "orientation": 180}, {"index": "road", "orientation": 180}, {"index": "road_edge", "orientation": 270}, {"index": "blank", "orientation": 0}, {"index": "blank", "orientation": 0}, {"index": "blank", "orientation": 0}, {"index": "blank", "orientation": 0}, {"index": "blank", "orientation": 0}, {"index": "blank", "orientation": 0}], [{"index": "blank", "orientation": 0}, {"index": "road_edge", "orientation": 90}, {"index": "road", "orientation": 270}, {"index": "road", "orientation": 90}, {"index": "road", "orientation": 180}, {"index": "road", "orientation": 270}, {"index": "road", "orientation": 0}, {"index": "road", "orientation": 0}, {"index": "road", "orientation": 0}, {"index": "road", "orientation": 90}, {"index": "road", "orientation": 180}, {"index": "road", "orientation": 0}, {"index": "road", "orientation": 270}, {"index": "road", "orientation": 90}, {"index": "road", "orientation": 180}, {"index": "road", "orientation": 270}, {"index": "road", "orientation": 270}, {"index": "road_edge", "orientation": 270}, {"index": "blank", "orientation": 0}, {"index": "blank", "orientation": 0}, {"index": "blank", "orientation": 0}, {"index": "blank", "orientation": 0}, {"index": "blank", "orientation": 0}, {"index": "blank", "orientation": 0}], [{"index": "blank", "orientation": 0}, {"index": "road_edge", "orientation": 90}, {"index": "road", "orientation": 180}, {"index": "road_large_corner", "orientation": 0}, {"index": "road_edge", "orientation": 180}, {"index": "road_edge", "orientation": 180}, {"index": "road_edge", "orientation": 180}, {"index": "road_edge", "orientation": 180}, {"index": "road_edge", "orientation": 180}, {"index": "road_edge", "orientation": 180}, {"index": "road_edge", "orientation": 180}, {"index": "road_edge", "orientation": 180}, {"index": "road_edge", "orientation": 180}, {"index": "road_edge", "orientation": 180}, {"index": "road_edge", "orientation": 180}, {"index": "road_large_corner", "orientation": 270}, {"index": "road", "orientation": 0}, {"index": "road_edge", "orientation": 270}, {"index": "blank", "orientation": 0}, {"index": "blank", "orientation": 0}, {"index": "blank", "orientation": 0}, {"index": "blank", "orientation": 0}, {"index": "blank", "orientation": 0}, {"index": "blank", "orientation": 0}], [{"index": "blank", "orientation": 0}, {"index": "road_edge", "orientation": 90}, {"index": "road_spawn", "orientation": 0}, {"index": "road_edge", "orientation": 270}, {"index": "blank", "orientation": 0}, {"index": "blank", "orientation": 0}, {"index": "blank", "orientation": 0}, {"index": "blank", "orientation": 0}, {"index": "blank", "orientation": 0}, {"index": "blank", "orientation": 0}, {"index": "blank", "orientation": 0}, {"index": "blank", "orientation": 0}, {"index": "blank", "orientation": 0}, {"index": "blank", "orientation": 0}, {"index": "blank", "orientation": 0}, {"index": "road_edge", "orientation": 90}, {"index": "road", "orientation": 180}, {"index": "road_edge", "orientation": 270}, {"index": "blank", "orientation": 0}, {"index": "blank", "orientation": 0}, {"index": "blank", "orientation": 0}, {"index": "blank", "orientation": 0}, {"index": "blank", "orientation": 0}, {"index": "blank", "orientation": 0}], [{"index": "blank", "orientation": 0}, {"index": "road_small_corner", "orientation": 180}, {"index": "road_edge", "orientation": 180}, {"index": "road_small_corner", "orientation": 270}, {"index": "blank", "orientation": 0}, {"index": "blank", "orientation": 0}, {"index": "blank", "orientation": 0}, {"index": "blank", "orientation": 0}, {"index": "blank", "orientation": 0}, {"index": "blank", "orientation": 0}, {"index": "blank", "orientation": 0}, {"index": "blank", "orientation": 0}, {"index": "blank", "orientation": 0}, {"index": "blank", "orientation": 0}, {"index": "blank", "orientation": 0}, {"index": "road_edge", "orientation": 90}, {"index": "road", "orientation": 0}, {"index": "road_edge", "orientation": 270}, {"index": "blank", "orientation": 0}, {"index": "blank", "orientation": 0}, {"index": "blank", "orientation": 0}, {"index": "blank", "orientation": 0}, {"index": "blank", "orientation": 0}, {"index": "blank", "orientation": 0}], [{"index": "blank", "orientation": 0}, {"index": "blank", "orientation": 0}, {"index": "blank", "orientation": 0}, {"index": "blank", "orientation": 0}, {"index": "blank", "orientation": 0}, {"index": "blank", "orientation": 0}, {"index": "blank", "orientation": 0}, {"index": "blank", "orientation": 0}, {"index": "blank", "orientation": 0}, {"index": "blank", "orientation": 0}, {"index": "blank", "orientation": 0}, {"index": "blank", "orientation": 0}, {"index": "blank", "orientation": 0}, {"index": "blank", "orientation": 0}, {"index": "blank", "orientation": 0}, {"index": "road_edge", "orientation": 90}, {"index": "road", "orientation": 180}, {"index": "road_edge", "orientation": 270}, {"index": "blank", "orientation": 0}, {"index": "blank", "orientation": 0}, {"index": "blank", "orientation": 0}, {"index": "blank", "orientation": 0}, {"index": "blank", "orientation": 0}, {"index": "blank", "orientation": 0}], [{"index": "blank", "orientation": 0}, {"index": "blank", "orientation": 0}, {"index": "blank", "orientation": 0}, {"index": "blank", "orientation": 0}, {"index": "blank", "orientation": 0}, {"index": "blank", "orientation": 0}, {"index": "blank", "orientation": 0}, {"index": "blank", "orientation": 0}, {"index": "blank", "orientation": 0}, {"index": "blank", "orientation": 0}, {"index": "blank", "orientation": 0}, {"index": "blank", "orientation": 0}, {"index": "blank", "orientation": 0}, {"index": "blank", "orientation": 0}, {"index": "blank", "orientation": 0}, {"index": "road_edge", "orientation": 90}, {"index": "road", "orientation": 270}, {"index": "road_edge", "orientation": 270}, {"index": "blank", "orientation": 0}, {"index": "blank", "orientation": 0}, {"index": "blank", "orientation": 0}, {"index": "blank", "orientation": 0}, {"index": "blank", "orientation": 0}, {"index": "blank", "orientation": 0}], [{"index": "blank", "orientation": 0}, {"index": "blank", "orientation": 0}, {"index": "blank", "orientation": 0}, {"index": "blank", "orientation": 0}, {"index": "blank", "orientation": 0}, {"index": "blank", "orientation": 0}, {"index": "blank", "orientation": 0}, {"index": "blank", "orientation": 0}, {"index": "blank", "orientation": 0}, {"index": "blank", "orientation": 0}, {"index": "blank", "orientation": 0}, {"index": "blank", "orientation": 0}, {"index": "blank", "orientation": 0}, {"index": "blank", "orientation": 0}, {"index": "blank", "orientation": 0}, {"index": "road_edge", "orientation": 90}, {"index": "road", "orientation": 180}, {"index": "road_edge", "orientation": 270}, {"index": "blank", "orientation": 0}, {"index": "blank", "orientation": 0}, {"index": "blank", "orientation": 0}, {"index": "blank", "orientation": 0}, {"index": "blank", "orientation": 0}, {"index": "blank", "orientation": 0}], [{"index": "blank", "orientation": 0}, {"index": "blank", "orientation": 0}, {"index": "blank", "orientation": 0}, {"index": "blank", "orientation": 0}, {"index": "blank", "orientation": 0}, {"index": "blank", "orientation": 0}, {"index": "blank", "orientation": 0}, {"index": "blank", "orientation": 0}, {"index": "blank", "orientation": 0}, {"index": "blank", "orientation": 0}, {"index": "blank", "orientation": 0}, {"index": "blank", "orientation": 0}, {"index": "blank", "orientation": 0}, {"index": "blank", "orientation": 0}, {"index": "blank", "orientation": 0}, {"index": "road_edge", "orientation": 90}, {"index": "road", "orientation": 90}, {"index": "road_edge", "orientation": 270}, {"index": "blank", "orientation": 0}, {"index": "blank", "orientation": 0}, {"index": "blank", "orientation": 0}, {"index": "blank", "orientation": 0}, {"index": "blank", "orientation": 0}, {"index": "blank", "orientation": 0}], [{"index": "blank", "orientation": 0}, {"index": "blank", "orientation": 0}, {"index": "blank", "orientation": 0}, {"index": "blank", "orientation": 0}, {"index": "blank", "orientation": 0}, {"index": "blank", "orientation": 0}, {"index": "blank", "orientation": 0}, {"index": "blank", "orientation": 0}, {"index": "blank", "orientation": 0}, {"index": "blank", "orientation": 0}, {"index": "blank", "orientation": 0}, {"index": "blank", "orientation": 0}, {"index": "blank", "orientation": 0}, {"index": "blank", "orientation": 0}, {"index": "blank", "orientation": 0}, {"index": "road_edge", "orientation": 90}, {"index": "road", "orientation": 0}, {"index": "road_edge", "orientation": 270}, {"index": "blank", "orientation": 0}, {"index": "blank", "orientation": 0}, {"index": "blank", "orientation": 0}, {"index": "blank", "orientation": 0}, {"index": "blank", "orientation": 0}, {"index": "blank", "orientation": 0}], [{"index": "blank", "orientation": 0}, {"index": "blank", "orientation": 0}, {"index": "blank", "orientation": 0}, {"index": "blank", "orientation": 0}, {"index": "blank", "orientation": 0}, {"index": "blank", "orientation": 0}, {"index": "blank", "orientation": 0}, {"index": "blank", "orientation": 0}, {"index": "blank", "orientation": 0}, {"index": "blank", "orientation": 0}, {"index": "blank", "orientation": 0}, {"index": "blank", "orientation": 0}, {"index": "blank", "orientation": 0}, {"index": "blank", "orientation": 0}, {"index": "blank", "orientation": 0}, {"index": "road_edge", "orientation": 90}, {"index": "road", "orientation": 180}, {"index": "road_edge", "orientation": 270}, {"index": "blank", "orientation": 0}, {"index": "blank", "orientation": 0}, {"index": "blank", "orientation": 0}, {"index": "blank", "orientation": 0}, {"index": "blank", "orientation": 0}, {"index": "blank", "orientation": 0}], [{"index": "blank", "orientation": 0}, {"index": "blank", "orientation": 0}, {"index": "blank", "orientation": 0}, {"index": "blank", "orientation": 0}, {"index": "blank", "orientation": 0}, {"index": "blank", "orientation": 0}, {"index": "blank", "orientation": 0}, {"index": "blank", "orientation": 0}, {"index": "blank", "orientation": 0}, {"index": "blank", "orientation": 0}, {"index": "blank", "orientation": 0}, {"index": "blank", "orientation": 0}, {"index": "blank", "orientation": 0}, {"index": "blank", "orientation": 0}, {"index": "blank", "orientation": 0}, {"index": "road_edge", "orientation": 90}, {"index": "road_escape", "orientation": 0}, {"index": "road_edge", "orientation": 270}, {"index": "blank", "orientation": 0}, {"index": "blank", "orientation": 0}, {"index": "blank", "orientation": 0}, {"index": "blank", "orientation": 0}, {"index": "blank", "orientation": 0}, {"index": "blank", "orientation": 0}]], "shrub": null, "waves": null, "shrubs": [{"index": "decor_1", "position": [923, 244], "orientation": 0}, {"index": "decor_2", "position": [169, 451], "orientation": 0}, {"index": "decor_10", "position": [950, 394], "orientation": 0}, {"index": "decor_11", "position": [1140, 260], "orientation": 0}, {"index": "decor_11", "position": [1180, 199], "orientation": 0}, {"index": "decor_11", "position": [1188, 319], "orientation": 0}, {"index": "decor_14", "position": [949, 565], "orientation": 0}, {"index": "decor_14", "position": [900, 586], "orientation": 0}, {"index": "decor_14", "position": [963, 612], "orientation": 0}, {"index": "decor_14", "position": [909, 641], "orientation": 0}, {"index": "decor_8", "position": [168, 233], "orientation": 0}, {"index": "decor_8", "position": [122, 321], "orientation": 0}, {"index": "decor_7", "position": [773, 418], "orientation": 0}, {"index": "stone_1", "position": [330, 262], "orientation": 0}, {"index": "stone_2", "position": [407, 287], "orientation": 0}, {"index": "stone_2", "position": [295, 294], "orientation": 0}, {"index": "stone_2", "position": [355, 294], "orientation": 0}, {"index": "stone_3", "position": [465, 528], "orientation": 0}, {"index": "bush_1", "position": [51, 90], "orientation": 0}, {"index": "bush_1", "position": [97, 43], "orientation": 0}, {"index": "bush_1", "position": [159, 67], "orientation": 0}, {"index": "bush_1", "position": [189, 94], "orientation": 0}, {"index": "bush_1", "position": [243, 60], "orientation": 0}, {"index": "bush_1", "position": [266, 49], "orientation": 0}, {"index": "bush_1", "position": [312, 80], "orientation": 0}, {"index": "bush_1", "position": [328, 94], "orientation": 0}, {"index": "bush_1", "position": [387, 71], "orientation": 0}, {"index": "bush_1", "position": [427, 47], "orientation": 0}, {"index": "bush_1", "position": [476, 88], "orientation": 0}, {"index": "bush_1", "position": [484, 91], "orientation": 0}, {"index": "bush_1", "position": [526, 62], "orientation": 0}, {"index": "bush_1", "position": [605, 42], "orientation": 0}, {"index": "bush_1", "position": [645, 82], "orientation": 0}, {"index": "bush_1", "position": [656, 87], "orientation": 0}, {"index": "bush_1", "position": [682, 51], "orientation": 0}, {"index": "bush_1", "position": [722, 65], "orientation": 0}, {"index": "bush_1", "position": [738, 84], "orientation": 0}, {"index": "bush_1", "position": [782, 58], "orientation": 0}, {"index": "bush_1", "position": [805, 54], "orientation": 0}, {"index": "bush_1", "position": [840, 84], "orientation": 0}, {"index": "bush_1", "position": [891, 46], "orientation": 0}, {"index": "bush_1", "position": [924, 79], "orientation": 0}, {"index": "bush_1", "position": [946, 60], "orientation": 0}, {"index": "bush_1", "position": [1140, 77], "orientation": 0}, {"index": "bush_1", "position": [1166, 54], "orientation": 0}, {"index": "bush_1", "position": [1186, 80], "orientation": 0}, {"index": "bush_1", "position": [1213, 57], "orientation": 0}, {"index": "bush_1", "position": [1234, 70], "orientation": 0}, {"index": "bush_1", "position": [1279, 56], "orientation": 0}, {"index": "bush_1", "position": [1297, 81], "orientation": 0}, {"index": "bush_1", "position": [1319, 75], "orientation": 0}, {"index": "bush_1", "position": [1345, 69], "orientation": 0}, {"index": "bush_1", "position": [1378, 54], "orientation": 0}, {"index": "bush_1", "position": [1411, 74], "orientation": 0}, {"index": "bush_1", "position": [1463, 51], "orientation": 0}, {"index": "bush_1", "position": [1477, 75], "orientation": 0}, {"index": "bush_1", "position": [1500, 85], "orientation": 0}, {"index": "bush_3", "position": [811, 121], "orientation": 0}, {"index": "bush_3", "position": [581, 101], "orientation": 0}, {"index": "bush_3", "position": [396, 131], "orientation": 0}, {"index": "bush_3", "position": [105, 124], "orientation": 0}, {"index": "bush_3", "position": [1236, 126], "orientation": 0}, {"index": "bush_3", "position": [1314, 121], "orientation": 0}, {"index": "bush_3", "position": [1379, 128], "orientation": 0}, {"index": "bush_3", "position": [1473, 130], "orientation": 0}, {"index": "decor_12", "position": [577, 96], "orientation": 0}, {"index": "decor_12", "position": [1141, 351], "orientation": 0}, {"index": "decor_15", "position": [966, 664], "orientation": 0}, {"index": "decor_14", "position": [923, 691], "orientation": 0}, {"index": "decor_14", "position": [965, 717], "orientation": 0}, {"index": "decor_14", "position": [925, 745], "orientation": 0}, {"index": "stone_4", "position": [962, 828], "orientation": 0}, {"index": "decor_18", "position": [906, 445], "orientation": 0}, {"index": "bush_3", "position": [847, 416], "orientation": 0}, {"index": "bush_3", "position": [985, 473], "orientation": 0}, {"index": "bush_3", "position": [1140, 432], "orientation": 0}, {"index": "bush_3", "position": [73, 428], "orientation": 0}, {"index": "bush_3", "position": [37, 335], "orientation": 0}, {"index": "bush_3", "position": [230, 288], "orientation": 0}, {"index": "stone_2", "position": [355, 552], "orientation": 0}, {"index": "stone_2", "position": [375, 471], "orientation": 0}, {"index": "stone_2", "position": [444, 436], "orientation": 0}, {"index": "stone_2", "position": [538, 450], "orientation": 0}, {"index": "stone_2", "position": [576, 499], "orientation": 0}, {"index": "stone_2", "position": [584, 586], "orientation": 0}, {"index": "stone_2", "position": [500, 645], "orientation": 0}, {"index": "stone_2", "position": [393, 629], "orientation": 0}, {"index": "bush_1", "position": [561, 652], "orientation": 0}, {"index": "decor_11", "position": [96, 653], "orientation": 0}, {"index": "decor_11", "position": [130, 679], "orientation": 0}, {"index": "bush_1", "position": [103, 710], "orientation": 0}, {"index": "decor_7", "position": [727, 407], "orientation": 0}, {"index": "decor_7", "position": [616, 245], "orientation": 0}, {"index": "decor_7", "position": [718, 202], "orientation": 0}, {"index": "decor_7", "position": [746, 241], "orientation": 0}, {"index": "decor_7", "position": [809, 204], "orientation": 0}, {"index": "decor_7", "position": [825, 246], "orientation": 0}, {"index": "decor_16", "position": [989, 115], "orientation": 0}, {"index": "decor_16", "position": [1122, 131], "orientation": 0}, {"index": "decor_3", "position": [1194, 470], "orientation": 0}, {"index": "bush_1", "position": [1435, 458], "orientation": 0}, {"index": "bush_1", "position": [1381, 232], "orientation": 0}, {"index": "bush_1", "position": [1269, 307], "orientation": 0}, {"index": "bush_1", "position": [1306, 454], "orientation": 0}, {"index": "bush_1", "position": [690, 890], "orientation": 0}, {"index": "bush_1", "position": [311, 938], "orientation": 0}, {"index": "bush_1", "position": [297, 787], "orientation": 0}, {"index": "bush_1", "position": [689, 729], "orientation": 0}, {"index": "bush_1", "position": [775, 544], "orientation": 0}, {"index": "bush_1", "position": [796, 790], "orientation": 0}, {"index": "bush_1", "position": [816, 949], "orientation": 0}, {"index": "bush_1", "position": [474, 845], "orientation": 0}, {"index": "bush_1", "position": [88, 920], "orientation": 0}, {"index": "stone_1", "position": [493, 940], "orientation": 0}, {"index": "decor_1", "position": [1380, 502], "orientation": 0}, {"index": "stone_4", "position": [1457, 567], "orientation": 0}, {"index": "decor_7", "position": [1394, 571], "orientation": 0}, {"index": "decor_17", "position": [1419, 615], "orientation": 0}, {"index": "decor_17", "position": [1488, 608], "orientation": 0}, {"index": "decor_10", "position": [1141, 533], "orientation": 0}, {"index": "decor_10", "position": [1408, 758], "orientation": 0}, {"index": "decor_10", "position": [1214, 900], "orientation": 0}, {"index": "decor_10", "position": [1375, 948], "orientation": 0}, {"index": "decor_10", "position": [1223, 686], "orientation": 0}, {"index": "bush_1", "position": [1369, 840], "orientation": 0}, {"index": "stone_1", "position": [112, 813], "orientation": 0}, {"index": "decor_7", "position": [176, 836], "orientation": 0}, {"index": "decor_7", "position": [225, 901], "orientation": 0}, {"index": "decor_7", "position": [182, 882], "orientation": 0}, {"index": "decor_7", "position": [210, 853], "orientation": 0}, {"index": "decor_7", "position": [204, 913], "orientation": 0}, {"index": "stone_2", "position": [218, 975], "orientation": 0}, {"index": "stone_2", "position": [775, 273], "orientation": 0}, {"index": "stone_4", "position": [676, 260], "orientation": 0}, {"index": "stone_3", "position": [748, 435], "orientation": 0}]}